{
    "avg_prec": 0.8416406355321621,
    "roc_auc": 0.8361857745439899
}